PEOU1,PEOU2,PEOU3,PEOU4,PE1,PE2,PE3,PE4,SI1,SI2,SI3,FC1,FC2,FC3,FC4,HM1,HM2,HM3,PV1,PV2,PV3,IU1,IU2,IU3,TR1,TR2,TR3,GENDER,YEAR
3,3,4,4,3,4,4,3,4,3,4,4,3,4,4,4,5,5,3,3,2,4,4,4,1,2,1,1,3
2,2,2,3,2,3,3,2,3,2,2,3,3,3,4,2,2,2,3,3,2,3,2,2,1,3,4,1,2
2,3,3,2,1,2,2,3,3,2,3,3,4,3,3,3,3,3,3,3,3,2,1,2,1,1,2,1,2
3,4,4,3,2,2,3,3,3,3,3,4,4,3,5,2,3,2,2,2,3,2,3,3,5,3,4,1,1
3,4,3,3,2,2,3,2,4,3,4,3,4,3,3,3,3,4,5,5,4,4,3,3,3,3,1,1,2
3,3,3,3,3,3,3,3,4,3,3,4,3,4,4,4,4,5,4,4,4,4,5,4,1,1,1,1,3
3,3,3,3,3,2,3,3,2,3,3,2,2,3,3,3,3,3,3,3,3,3,3,3,1,1,1,1,2
3,3,4,3,3,3,4,4,4,3,3,4,4,4,4,4,3,3,4,4,5,4,4,4,2,2,3,1,4
4,4,4,3,3,2,4,3,4,3,3,3,4,3,3,4,4,4,3,3,3,4,4,4,4,5,5,1,4
2,2,3,3,2,3,2,3,2,2,2,3,2,2,2,2,2,2,4,4,3,2,2,2,4,4,4,1,4
2,3,3,3,3,3,3,3,3,3,3,4,3,3,4,3,3,3,3,3,2,3,3,3,1,1,1,1,2
4,3,4,3,3,3,3,3,3,3,3,4,4,4,4,3,3,4,3,3,5,4,3,3,5,4,4,1,1
4,5,5,5,3,4,4,4,5,4,4,4,5,4,4,5,4,5,3,3,3,5,4,5,2,2,3,1,1
4,4,4,4,2,2,2,3,3,2,3,4,4,4,3,4,4,4,4,4,4,4,4,4,2,2,2,1,2
4,4,4,4,3,3,4,4,3,3,3,3,2,2,3,4,3,3,4,4,2,5,5,4,1,1,2,1,4
3,3,3,3,3,3,4,5,4,3,4,3,3,4,2,4,4,4,4,4,4,3,3,3,4,3,4,1,2
4,2,3,3,3,4,4,4,4,4,4,5,4,4,4,3,4,3,4,4,3,5,4,4,1,2,2,1,3
3,3,4,4,2,3,3,4,3,3,4,3,4,4,3,4,3,4,3,3,4,3,4,5,3,3,2,1,2
2,3,3,2,3,2,3,3,2,2,3,3,3,3,3,2,2,2,2,2,3,1,2,1,3,2,3,1,3
4,4,3,3,3,3,4,4,3,3,3,3,3,3,3,3,3,4,4,4,4,3,4,4,1,3,3,1,3
5,4,5,5,3,3,4,4,4,4,4,5,4,5,4,5,5,5,4,4,4,4,4,5,1,2,2,1,2
3,3,3,2,3,3,4,3,4,2,3,3,3,3,3,3,3,3,2,2,2,2,2,2,3,2,2,1,2
3,3,3,3,3,3,3,3,2,3,2,3,4,4,4,5,4,4,3,3,4,3,3,3,5,5,2,1,3
3,3,3,2,2,3,4,2,3,3,3,5,4,4,5,3,3,3,3,2,3,3,4,3,1,1,2,1,4
3,3,4,4,3,3,4,3,3,3,4,3,3,2,3,3,4,3,4,4,4,3,3,3,1,1,2,1,1
4,4,4,4,4,3,4,4,5,4,5,3,4,3,4,4,3,3,5,4,5,4,4,4,3,3,2,1,4
3,3,4,3,2,2,2,2,4,4,4,4,4,3,3,5,3,4,3,4,3,3,3,3,3,3,2,1,2
4,3,3,3,4,4,4,4,3,3,3,3,4,2,3,3,3,3,3,3,3,4,3,3,2,2,3,1,2
4,4,4,3,3,3,3,3,3,3,3,5,3,4,4,4,4,4,4,3,4,3,3,3,2,2,2,1,4
4,3,4,3,3,3,4,3,4,4,4,4,4,5,4,4,4,4,4,4,2,3,3,4,1,1,1,1,2
4,3,3,4,2,3,3,3,4,3,3,4,4,4,4,2,3,3,4,4,5,3,3,4,1,3,3,1,3
3,2,2,3,1,2,2,3,3,2,3,3,3,3,3,3,3,3,2,3,3,2,2,2,2,2,3,1,1
2,1,2,2,3,3,4,3,2,2,3,2,3,3,2,3,3,4,3,4,3,2,3,2,1,3,3,1,2
3,4,4,4,3,3,4,4,4,4,4,4,4,4,4,4,4,3,3,3,3,3,4,4,2,3,3,1,4
3,3,3,2,2,2,3,3,3,3,4,3,3,3,3,3,3,3,3,4,4,2,3,3,1,1,2,1,3
3,3,3,3,2,3,3,4,3,3,3,4,3,3,3,3,4,3,5,3,4,4,3,4,3,4,4,1,4
2,2,2,3,3,2,3,3,1,2,2,4,3,4,3,2,3,2,4,4,4,3,3,3,1,4,2,1,4
4,3,3,4,2,2,3,3,3,3,3,3,2,2,2,4,3,3,3,4,4,3,3,4,3,3,3,1,3
4,4,3,3,4,4,5,4,3,4,3,3,3,3,3,4,4,4,3,3,3,4,4,4,2,4,4,1,3
5,4,4,4,2,3,3,3,3,2,3,3,3,3,3,3,4,4,4,4,4,4,3,3,2,3,3,1,2
4,4,3,5,3,4,5,4,4,3,3,4,3,4,3,4,3,3,4,4,4,4,5,4,2,2,3,1,3
3,4,4,4,2,3,3,3,4,3,4,3,3,3,3,2,2,3,3,3,3,3,2,3,2,2,3,1,2
3,3,3,3,3,3,4,4,4,3,4,3,3,3,3,4,3,4,4,4,4,3,3,3,5,5,3,1,1
4,3,3,3,3,4,4,4,3,2,3,3,4,3,3,3,3,3,3,3,3,4,3,4,2,2,2,1,3
3,4,3,3,3,3,3,3,3,3,3,5,4,3,4,3,3,4,4,3,4,3,4,3,1,1,2,1,2
4,3,3,3,2,3,3,3,3,2,3,3,3,4,3,3,3,3,3,4,4,3,4,3,1,2,3,1,3
2,3,3,3,3,3,4,3,4,2,3,2,3,3,3,3,2,3,2,3,2,3,3,3,2,2,2,1,4
5,5,4,5,3,4,4,4,4,3,5,4,2,3,3,4,5,4,4,4,3,4,4,4,1,1,1,1,3
2,3,3,3,3,3,4,4,4,3,4,4,4,3,3,4,5,4,3,4,4,3,4,3,3,4,3,1,3
3,3,3,4,2,3,3,3,3,2,3,4,3,4,3,2,2,3,2,4,4,2,3,3,1,2,2,1,3
4,4,5,4,3,4,4,4,4,3,4,3,4,4,4,3,4,3,3,3,4,3,3,4,3,3,4,1,1
3,4,3,3,4,3,4,3,3,2,3,4,4,3,4,3,3,4,2,2,2,3,2,3,4,3,3,1,1
3,4,3,3,3,2,3,3,3,2,3,4,4,3,3,3,3,3,3,3,4,4,3,3,2,2,2,1,4
4,4,3,4,2,3,4,4,3,2,3,3,3,4,3,4,4,4,4,3,4,3,4,4,4,4,4,1,4
3,1,2,3,2,3,3,3,3,2,3,3,4,4,3,3,3,3,4,4,4,3,3,3,1,1,3,1,3
5,5,4,4,3,2,3,4,3,3,3,4,3,4,4,4,4,4,4,4,3,4,4,4,1,3,2,1,2
3,4,3,4,2,3,4,4,4,4,4,4,3,3,4,4,4,4,4,4,4,4,4,3,3,4,4,1,4
4,3,4,3,3,2,3,3,3,3,3,3,3,3,3,3,3,3,4,4,4,3,3,3,1,2,2,1,3
3,4,4,4,3,4,4,4,2,3,3,3,3,3,4,2,3,3,3,3,3,4,3,3,1,1,1,1,4
3,4,4,2,3,3,4,3,4,4,4,3,3,3,3,2,2,3,3,4,4,3,3,4,1,2,2,1,3
4,3,4,4,2,3,4,5,3,2,3,3,2,3,3,3,3,3,3,4,4,4,3,3,2,2,2,1,1
4,4,3,5,3,2,3,4,3,2,3,4,4,4,4,3,4,4,3,3,3,4,5,4,5,5,4,1,2
4,3,4,4,3,3,3,3,3,3,3,5,4,5,5,3,2,3,4,4,3,3,4,3,2,4,3,1,1
3,4,3,3,2,3,4,4,4,3,4,4,5,4,5,4,4,4,3,3,4,3,4,4,2,3,2,1,4
3,3,2,2,3,2,3,3,4,3,3,4,4,3,4,4,4,4,4,4,3,4,4,4,1,2,2,1,1
3,3,3,3,3,4,5,4,4,4,5,3,3,3,3,3,3,3,5,4,4,4,4,5,2,3,3,1,1
2,3,2,2,2,2,3,2,3,2,3,2,3,3,3,2,1,2,3,3,3,2,2,2,3,3,3,1,4
4,2,3,3,2,2,3,3,4,4,4,4,4,4,4,4,3,4,4,3,3,3,5,4,2,2,2,1,1
3,4,4,3,3,2,3,4,4,4,5,4,4,4,4,4,4,4,2,3,3,4,4,4,3,4,2,1,1
3,2,2,3,2,2,3,3,4,3,4,2,3,3,3,2,2,3,3,3,3,1,2,2,2,3,2,1,3
3,3,2,2,3,3,4,4,4,3,3,3,3,3,3,3,3,3,3,3,4,2,3,2,2,4,4,1,3
4,4,4,3,2,3,3,3,3,2,3,3,3,2,4,4,3,4,3,3,2,3,3,4,1,1,1,1,2
3,3,3,3,3,3,4,4,4,3,3,5,5,4,4,4,3,3,4,3,3,4,4,3,4,4,3,1,1
4,4,4,4,3,4,4,4,4,3,3,5,5,5,5,3,4,4,4,5,4,4,5,4,1,1,3,1,4
3,3,3,3,2,2,4,3,4,3,4,3,2,3,3,3,4,3,4,3,4,3,2,3,1,1,2,1,3
3,4,4,3,2,2,3,3,3,2,3,2,3,2,2,2,2,2,3,3,2,2,3,3,2,2,3,1,3
4,4,4,4,2,2,3,2,2,2,2,4,4,4,3,4,4,4,2,2,3,4,3,4,1,2,3,1,3
2,2,3,3,3,4,5,3,4,3,3,3,3,3,3,2,3,3,3,2,2,3,2,2,3,2,3,1,4
3,3,3,3,3,3,5,4,3,3,4,3,2,2,2,3,3,3,3,3,3,3,3,3,2,3,2,1,3
3,3,3,3,5,4,5,4,4,4,3,5,4,4,5,4,4,4,4,4,4,4,5,4,2,2,3,1,2
3,3,3,2,3,3,4,3,3,3,3,3,2,3,3,4,5,4,4,4,4,3,3,3,2,2,2,1,3
3,2,3,3,2,3,4,3,3,3,2,3,3,3,3,3,4,3,3,4,4,2,3,2,2,2,3,1,4
4,4,5,4,4,4,4,4,4,2,3,4,3,3,4,4,4,4,4,3,3,3,4,4,1,3,3,1,2
3,3,4,3,2,3,3,4,2,2,3,3,3,3,3,4,4,4,3,3,3,3,4,3,3,3,3,1,3
3,4,4,3,3,3,3,4,3,3,3,4,4,4,4,3,4,3,4,3,4,3,3,2,1,1,2,1,4
3,3,3,3,3,3,4,4,3,4,4,5,4,4,4,4,4,5,4,3,3,4,3,4,2,1,2,1,4
3,3,3,2,2,2,2,3,3,3,3,3,3,3,3,2,2,1,3,3,3,3,3,3,2,2,2,1,2
4,5,5,5,3,4,5,5,3,2,3,4,4,4,4,4,4,4,4,4,4,4,3,4,1,1,2,1,1
3,3,3,4,4,4,4,4,3,2,2,3,3,3,3,3,4,3,4,3,3,3,3,3,1,2,2,1,4
4,3,4,4,3,3,4,4,4,3,3,5,4,5,4,4,4,4,5,4,4,4,2,4,2,2,3,1,2
4,3,4,5,2,3,4,3,3,4,3,4,4,3,4,4,4,3,5,4,4,3,4,4,3,3,3,1,2
4,3,2,3,3,3,3,4,3,2,2,4,4,5,4,4,3,4,5,4,4,3,3,3,1,1,5,1,4
2,3,2,2,3,3,3,3,2,2,3,3,3,2,3,2,3,3,4,4,4,4,4,3,1,1,3,1,1
4,3,3,3,3,4,5,4,4,3,4,4,4,4,3,4,4,4,5,3,4,4,4,4,1,1,1,1,2
3,2,2,4,2,2,2,2,3,2,2,3,2,3,2,3,2,3,2,2,2,2,2,1,3,3,3,1,1
3,3,3,3,3,3,4,3,3,4,3,3,4,4,4,4,4,4,3,2,4,4,4,3,2,2,2,1,4
4,3,4,4,3,3,4,4,3,3,3,3,3,3,3,4,4,4,3,4,3,4,4,4,3,2,2,1,2
4,5,5,4,3,2,2,3,3,3,3,4,4,3,4,4,3,3,4,3,4,4,4,4,3,3,3,1,3
3,3,3,3,3,4,3,4,3,2,3,2,3,2,3,4,4,4,3,4,4,4,4,3,1,3,3,1,1
3,3,3,3,2,2,2,3,3,4,4,2,2,2,2,2,3,3,4,2,3,3,3,3,3,3,2,1,2
5,3,4,4,3,3,3,4,3,3,3,4,3,3,4,4,4,4,5,4,4,4,3,4,2,2,2,1,4
3,4,3,4,2,3,2,3,3,2,3,4,4,4,4,3,4,4,3,4,3,3,3,3,2,2,2,1,3
4,4,4,4,3,3,3,3,4,3,4,4,4,5,4,4,4,4,3,3,3,3,3,4,3,2,2,1,3
4,3,3,3,3,3,3,3,2,3,3,3,3,3,3,3,3,2,4,3,2,4,4,3,2,2,3,1,4
3,3,4,3,2,3,3,4,5,3,4,3,3,2,3,3,4,4,3,4,3,3,3,3,2,2,2,1,4
3,4,3,3,3,4,4,5,3,3,3,4,3,4,4,5,4,4,3,5,5,4,5,4,3,3,3,1,2
4,4,3,4,2,3,3,3,4,3,3,5,4,4,4,5,4,4,3,5,4,4,4,4,2,2,2,1,2
3,4,2,3,3,4,4,4,3,3,3,3,3,4,3,2,3,4,3,3,2,3,4,4,1,2,2,1,2
4,5,3,5,3,3,4,5,5,4,5,3,4,4,4,3,5,5,3,2,4,5,4,4,2,3,2,1,4
4,4,3,4,3,2,3,3,3,3,4,2,4,3,4,3,3,3,3,4,4,4,4,4,5,4,1,1,3
3,3,3,2,3,3,4,3,4,3,4,4,4,3,4,4,3,4,3,3,4,5,4,4,3,3,3,1,3
3,4,4,3,2,2,2,2,3,2,2,3,2,3,2,3,3,3,3,4,3,2,2,1,1,2,2,1,1
3,3,3,2,3,3,4,5,3,3,3,5,4,4,4,3,4,4,2,2,3,4,3,3,1,2,2,1,2
3,4,4,3,3,3,3,4,3,3,3,4,3,3,4,3,3,3,3,3,3,4,3,4,2,2,3,1,3
4,5,5,5,3,3,3,3,3,3,3,4,3,3,4,4,3,3,3,3,4,3,4,4,1,2,2,1,1
4,5,5,5,2,3,2,3,3,2,3,4,4,4,4,3,3,4,3,3,3,3,3,3,3,3,3,1,2
4,4,3,3,3,3,3,3,2,3,3,3,3,3,3,4,3,3,3,3,3,4,4,3,1,3,1,1,4
4,4,4,4,3,3,3,3,3,1,3,3,3,3,3,4,3,3,3,3,3,3,3,3,3,3,3,1,1
4,3,4,4,2,3,3,4,5,3,4,3,3,2,3,3,4,3,3,4,4,3,3,3,2,2,2,1,3
4,3,4,5,3,4,4,5,3,3,3,4,3,4,4,3,3,3,3,3,3,4,5,4,2,2,3,1,4
3,2,2,4,3,3,3,3,3,3,3,4,4,5,4,4,3,4,4,4,4,4,4,4,1,2,3,1,4
3,4,3,4,3,3,4,3,4,3,4,4,4,3,4,4,3,4,4,3,3,5,4,4,3,3,2,1,3
4,4,3,4,2,3,3,3,4,3,3,5,4,4,4,5,4,4,3,3,3,4,4,4,3,2,2,1,4
2,3,3,2,1,2,2,3,3,2,3,3,4,3,3,3,3,3,3,3,3,2,1,2,1,1,2,1,4
3,4,4,3,2,2,3,3,3,3,3,4,4,3,5,2,3,2,2,2,3,2,3,3,1,1,2,1,4
3,3,4,3,3,3,4,4,4,3,3,4,4,4,4,4,3,3,4,4,5,4,4,4,2,2,2,1,4
3,3,4,3,3,3,3,4,4,3,3,4,4,4,4,4,5,4,4,4,4,3,4,4,4,3,4,1,3
4,4,4,3,3,2,4,3,4,3,3,3,4,3,3,4,4,4,3,3,3,4,4,4,2,2,3,1,4
4,4,4,4,2,3,3,3,4,4,3,5,4,4,4,4,3,4,3,3,3,3,5,4,2,2,2,1,3
3,4,4,3,2,2,3,4,3,3,3,3,3,3,3,3,3,3,3,3,3,4,4,4,2,4,3,1,4
4,4,4,4,2,2,2,3,3,2,3,4,4,4,3,4,4,4,4,4,4,4,4,4,2,2,2,1,1
4,2,3,3,3,4,4,4,4,4,4,5,4,4,4,3,4,3,4,4,3,5,4,4,2,2,2,1,2
2,3,3,2,3,2,3,3,2,2,3,3,3,3,3,2,2,2,2,2,3,1,2,1,3,3,2,1,3
2,4,4,3,2,3,2,3,4,3,4,4,4,4,4,4,4,4,4,4,4,3,3,3,2,1,4,1,1
4,3,4,4,3,3,3,4,3,3,3,4,3,4,4,4,4,3,4,4,4,3,4,3,3,3,3,1,3
3,4,4,3,2,1,3,2,3,3,4,2,3,3,3,2,4,3,2,3,3,4,3,4,2,3,3,1,2
4,4,4,3,3,3,3,3,4,3,4,3,4,3,3,3,3,3,3,4,3,3,3,3,1,1,1,1,2
4,4,3,4,3,2,3,3,3,3,4,2,4,3,4,3,3,3,3,4,4,4,4,4,3,3,3,1,3
3,2,3,3,3,3,4,4,3,3,3,3,3,3,3,3,3,3,3,4,3,4,4,4,2,2,3,1,1
3,3,3,2,3,3,4,5,3,3,3,5,4,4,4,3,4,4,2,2,3,4,3,3,1,3,3,1,3
3,3,4,3,2,2,3,4,4,3,4,4,3,3,3,3,4,4,3,4,3,2,3,3,3,3,3,1,1
4,3,4,5,2,2,3,3,3,3,3,3,3,3,3,4,4,3,2,2,3,2,2,2,3,3,3,1,1
3,3,3,3,3,2,3,4,4,2,4,3,4,4,4,5,4,4,4,4,4,4,4,4,5,2,3,1,2
3,3,3,2,2,3,3,3,4,2,3,3,2,2,2,2,2,3,3,3,3,3,3,3,5,2,4,1,4
4,5,5,5,2,3,2,3,3,2,3,4,4,4,4,3,3,4,3,3,3,3,3,3,2,2,2,1,2
3,4,5,4,3,3,3,3,4,3,4,4,4,5,4,3,3,3,4,4,4,3,3,4,1,1,2,1,3
3,4,2,4,3,3,3,3,3,3,3,4,4,5,4,4,3,4,4,4,4,4,4,4,1,1,1,1,4
4,3,3,3,2,2,3,3,3,2,3,4,4,4,3,3,3,3,3,3,3,3,4,3,3,3,3,1,3
3,3,4,3,3,3,3,4,4,3,3,4,4,4,4,4,5,4,4,4,4,3,4,4,2,1,2,1,3
3,4,4,3,2,2,3,3,5,3,3,3,3,3,4,4,3,3,3,3,4,3,4,3,2,2,2,1,2
4,4,4,3,3,2,4,3,4,3,3,3,4,3,3,4,4,4,3,3,3,4,4,4,2,1,1,1,1
2,3,3,3,3,3,3,3,3,3,3,4,3,3,4,3,3,3,3,3,2,3,3,3,3,3,2,1,1
4,4,4,4,2,2,2,3,3,2,3,4,4,4,3,4,4,4,4,4,4,4,4,4,3,3,2,1,4
4,4,4,4,3,3,4,4,3,3,3,3,2,2,3,4,3,3,4,4,2,5,5,4,4,3,3,1,1
3,3,3,3,3,3,4,5,4,3,4,3,3,4,2,4,4,4,4,4,4,3,3,3,2,3,2,1,3
4,2,3,3,3,4,4,4,4,4,4,5,4,4,4,3,4,3,4,4,3,5,4,4,4,4,5,1,4
3,3,4,4,2,3,3,4,3,3,4,3,4,4,3,4,3,4,3,3,4,3,4,5,2,2,3,1,2
2,3,3,2,3,2,3,3,2,2,3,3,3,3,3,2,2,2,2,2,3,1,2,1,4,5,4,1,1
2,4,4,3,2,3,2,3,4,3,4,4,4,4,4,4,4,4,4,4,4,3,3,3,1,2,2,1,4
4,3,3,4,2,2,2,3,3,2,3,2,3,3,3,3,2,2,3,3,4,2,3,2,2,2,3,1,4
3,3,3,3,3,3,4,5,3,3,3,3,5,4,3,3,4,4,4,4,4,4,4,4,3,3,3,1,3
3,4,4,3,2,1,3,2,3,3,4,2,3,3,3,2,4,3,2,3,3,4,3,4,1,1,1,1,1
4,4,5,3,3,2,3,3,4,4,4,4,4,4,4,5,4,5,4,4,4,5,5,4,2,2,3,1,1
2,3,3,3,1,1,2,2,3,3,3,3,3,3,3,2,1,1,3,3,2,2,2,2,2,3,3,1,1
4,4,3,3,3,2,3,3,4,3,4,4,4,4,4,3,3,3,4,4,3,4,4,4,1,2,2,1,2
4,5,5,4,3,2,2,3,4,3,3,4,4,4,3,4,4,4,3,4,4,3,4,2,2,3,3,1,3
3,4,3,3,3,3,3,2,3,3,4,4,4,4,4,4,3,3,2,3,2,3,2,3,2,2,3,1,1
3,4,4,4,3,3,4,4,4,3,3,4,4,4,3,3,3,3,4,5,4,3,4,3,2,1,2,1,1
3,3,3,3,2,2,2,3,3,3,4,3,4,4,4,3,2,3,3,3,2,3,3,2,2,3,2,1,3
4,4,4,4,3,3,4,4,4,4,3,4,3,4,3,5,4,4,4,2,2,5,4,4,2,4,3,1,3
2,2,2,2,4,4,4,4,4,3,4,4,4,4,4,4,4,4,4,3,3,4,4,4,3,3,3,1,4
3,2,3,3,3,3,2,2,3,2,4,3,3,3,3,3,2,3,3,2,3,2,2,2,3,3,2,1,4
3,3,4,3,2,2,2,3,2,2,3,2,3,2,2,3,3,3,2,2,3,2,3,2,3,3,3,1,3
4,4,4,4,3,2,3,2,3,3,3,4,3,3,3,3,3,3,3,4,4,3,3,3,2,2,2,1,3
4,4,4,4,4,4,5,4,5,3,5,4,4,3,4,5,5,5,4,4,4,3,4,4,3,3,3,1,1
4,3,3,3,2,3,3,2,4,3,3,3,4,4,3,4,3,4,3,4,3,3,3,3,1,2,3,1,3
3,2,3,3,3,3,3,4,3,3,3,2,2,3,2,4,3,3,3,3,3,3,3,3,1,2,3,1,4
2,3,3,3,4,3,3,3,2,1,2,3,4,3,2,4,3,3,3,3,4,2,2,2,2,2,2,1,1
4,5,4,4,3,2,4,4,3,3,3,4,4,4,4,4,3,4,4,4,4,4,4,3,1,1,3,1,2
2,3,3,3,3,3,4,4,4,3,3,2,3,4,3,3,3,4,3,3,3,3,3,3,1,1,1,1,4
4,4,3,4,3,3,3,3,4,4,4,3,3,2,2,4,4,4,3,4,3,3,3,3,1,2,2,1,2
3,3,4,4,3,3,4,4,2,1,1,3,4,4,3,3,4,4,4,3,3,4,4,3,3,2,2,1,4
4,3,4,4,3,3,4,4,3,3,3,4,4,4,3,5,4,4,4,4,4,5,4,4,2,2,3,1,3
4,4,4,4,3,3,4,4,4,4,5,4,4,4,4,5,4,4,4,4,4,4,5,5,3,3,3,1,2
4,3,3,3,4,4,5,5,4,3,3,4,5,5,4,4,4,4,4,4,4,4,5,4,1,1,1,1,4
5,4,3,5,3,3,3,4,5,4,5,3,4,3,5,3,3,4,4,4,4,4,3,4,3,2,3,1,1
3,3,3,2,3,4,4,4,3,2,3,3,3,4,3,4,5,4,2,3,3,4,4,4,2,2,3,1,4
3,3,4,3,3,4,3,4,5,5,5,3,3,3,3,3,3,3,4,4,3,4,4,3,4,4,4,1,2
3,3,4,3,2,2,2,2,2,2,2,3,3,4,3,3,2,2,2,3,3,2,3,3,3,3,3,1,1
3,3,4,4,3,4,4,4,5,4,5,5,5,4,4,5,5,5,4,3,3,5,4,5,1,3,3,1,2
4,4,3,3,2,3,3,4,3,2,2,3,3,3,3,3,2,3,2,4,4,3,3,3,2,2,3,1,4
3,3,4,3,2,2,2,3,3,3,3,4,4,4,3,2,2,3,3,2,3,3,3,3,1,2,2,1,3
4,4,3,4,2,2,3,3,3,3,3,3,3,3,3,2,2,3,4,5,4,3,3,2,1,1,2,1,4
3,3,4,2,2,2,3,3,3,3,3,2,2,3,3,3,3,4,4,4,5,3,3,3,2,2,2,1,4
3,3,3,2,3,3,4,4,4,3,3,4,3,3,2,3,3,3,4,3,3,3,2,3,1,1,1,1,2
3,3,3,3,2,3,3,3,2,2,2,3,2,3,3,2,2,2,4,3,3,2,2,3,1,1,2,1,1
2,3,2,3,3,3,4,3,3,3,3,3,3,2,3,2,3,2,2,2,3,2,3,3,4,3,3,1,4
3,3,3,3,2,2,3,2,5,4,3,3,3,3,3,2,3,3,3,3,3,3,3,3,3,3,3,1,1
4,4,3,4,4,3,3,4,3,2,3,2,3,3,3,3,3,3,2,2,3,4,4,3,2,2,3,1,3
3,4,4,4,3,3,3,3,4,4,4,4,4,5,4,4,4,5,3,3,4,4,4,4,3,3,3,0,4
3,3,3,4,2,2,3,3,3,3,3,3,3,3,3,3,3,2,2,2,2,3,3,3,2,2,2,0,4
3,3,3,2,3,3,3,4,3,2,3,3,4,4,3,3,4,3,5,4,4,3,4,3,4,3,3,0,4
3,4,3,3,3,3,3,4,3,2,2,2,3,2,2,4,4,4,4,4,3,4,4,5,3,3,3,0,2
4,3,4,3,3,2,3,2,3,3,2,3,3,3,3,3,3,2,2,2,3,3,3,3,3,3,3,0,2
2,3,2,3,3,3,4,4,3,3,3,3,3,3,2,2,3,2,4,4,3,2,2,3,1,1,1,0,1
3,3,3,2,3,3,3,3,4,3,3,4,3,4,4,4,4,3,3,3,3,4,2,3,2,2,2,0,4
3,4,3,3,2,3,4,4,3,2,4,3,4,4,4,3,4,4,4,2,3,4,4,3,1,1,2,0,1
4,3,4,3,3,3,3,3,3,3,3,4,3,3,3,4,4,4,4,4,4,4,4,4,2,2,3,0,1
3,2,3,3,2,2,2,2,4,4,3,3,2,2,3,2,2,2,3,3,2,3,4,4,3,3,2,0,2
4,4,4,4,3,3,4,3,3,2,4,3,2,3,2,3,3,3,3,4,2,3,4,3,1,1,2,0,4
2,2,2,1,3,2,4,4,4,3,3,4,4,4,4,3,2,2,3,2,3,3,3,2,2,2,3,0,2
4,3,2,3,2,2,3,4,3,3,3,4,4,4,4,4,3,3,4,4,3,4,4,4,5,3,4,0,1
3,4,3,3,3,3,3,4,3,3,4,4,3,3,3,4,4,4,4,4,4,3,3,3,1,2,2,0,1
4,4,4,4,2,3,3,3,4,4,4,3,4,3,3,4,3,3,4,4,4,4,4,3,3,3,3,0,4
3,3,3,3,2,2,3,2,2,2,4,3,3,3,3,3,3,2,4,4,4,3,3,2,2,3,3,0,1
3,3,3,2,3,3,3,3,2,2,2,2,2,3,2,2,2,2,3,3,3,2,2,2,1,2,2,0,1
3,3,4,3,2,3,3,3,3,2,3,4,3,3,2,3,4,3,3,3,3,3,3,3,2,3,3,0,4
2,3,4,3,3,3,3,4,4,3,4,3,3,3,3,4,4,4,3,4,3,3,3,4,3,3,3,0,3
4,4,3,3,2,3,3,3,4,3,3,2,2,2,3,3,4,3,4,4,5,4,5,5,2,2,3,0,4
3,4,3,3,2,2,2,2,3,3,3,2,3,2,2,4,3,3,3,3,2,3,3,4,2,2,2,0,1
4,4,3,4,4,4,4,5,3,3,4,5,4,4,3,4,4,4,4,4,4,4,3,4,1,1,1,0,4
3,2,3,3,2,2,2,2,4,3,4,3,3,2,3,3,3,3,3,3,3,2,3,2,2,2,3,0,4
4,3,4,3,3,3,4,4,4,4,4,4,5,5,3,4,3,4,3,3,4,3,3,4,2,3,3,0,2
4,3,3,3,2,2,3,4,4,3,4,4,4,5,5,3,4,4,4,4,4,4,5,4,1,2,2,0,3
4,3,3,3,3,3,3,3,3,2,3,3,3,4,3,3,3,3,3,3,3,3,3,3,2,3,3,0,1
3,3,3,3,3,2,4,4,3,3,3,3,2,3,3,3,5,4,4,4,4,4,4,3,2,2,3,0,2
3,3,3,3,1,1,3,3,2,1,2,3,3,3,3,2,2,2,3,2,3,2,2,2,2,1,2,0,3
4,3,4,5,2,3,3,4,5,4,5,4,4,3,4,3,3,3,4,4,4,3,3,3,2,3,2,0,3
4,4,4,3,3,3,3,4,3,3,4,2,2,3,2,1,2,3,2,3,3,3,3,4,2,4,3,0,1
3,4,5,4,3,3,3,3,4,3,3,4,3,4,4,3,4,3,4,4,3,5,5,4,3,3,3,0,2
2,2,3,2,2,2,3,4,4,3,4,4,3,3,3,3,3,3,3,3,3,2,3,3,3,3,2,0,1
3,4,4,3,3,2,3,4,4,2,4,3,4,4,4,4,4,4,4,4,4,4,4,4,3,3,3,0,4
3,4,4,3,2,3,3,3,4,2,3,3,2,2,2,3,3,3,3,4,4,3,3,3,2,2,2,0,2
4,2,3,3,3,3,3,3,3,3,3,4,3,3,4,5,4,5,3,3,4,3,4,4,3,3,3,0,1
4,4,3,4,3,3,3,3,3,1,3,3,3,3,3,3,3,3,4,2,2,3,3,3,1,2,3,0,2
4,4,4,3,3,3,4,4,2,3,2,2,3,4,3,4,4,3,3,4,3,3,4,3,1,2,3,0,2
4,4,4,4,1,2,2,2,4,3,3,3,3,3,3,4,3,4,2,3,4,4,3,3,2,2,2,0,2
3,4,2,4,3,3,3,3,3,3,3,4,4,5,4,4,3,4,3,4,4,4,4,4,1,1,3,0,4
4,4,5,4,3,2,2,3,3,3,3,4,4,3,4,4,4,3,4,4,5,4,4,4,1,1,1,0,4
3,3,3,3,3,4,3,4,3,2,3,2,3,2,3,4,4,4,3,3,3,4,4,3,1,2,2,0,4
4,3,4,5,2,2,3,3,3,3,3,3,3,3,3,4,4,3,2,2,3,2,2,2,3,2,2,0,3
4,4,4,4,2,2,2,3,3,4,4,2,2,2,2,3,3,4,2,3,3,3,3,3,2,2,3,0,3
3,3,3,3,3,2,3,4,4,2,4,3,4,4,4,5,4,4,4,4,4,4,4,4,3,3,3,0,1
3,3,3,2,2,3,3,3,4,2,3,3,2,2,2,2,2,3,3,3,3,3,3,3,1,1,1,0,2
4,3,2,3,3,3,4,4,2,3,2,2,3,4,3,4,3,4,4,4,5,3,4,3,3,2,3,0,3
4,3,3,3,2,3,3,3,4,3,3,5,4,4,4,3,3,3,3,2,3,4,4,4,2,2,3,0,2
3,4,3,3,3,3,3,3,4,3,4,3,4,3,3,3,3,3,3,4,3,3,3,3,4,4,4,0,3
3,3,3,2,3,3,4,3,3,3,4,5,5,4,4,3,3,3,3,4,4,4,4,4,3,3,3,0,2
4,4,5,5,3,2,3,3,3,3,4,2,4,3,4,3,3,3,3,3,3,4,4,4,1,3,3,0,2
3,4,2,3,3,4,4,4,3,3,3,3,3,4,3,4,3,4,3,2,3,3,4,4,2,2,3,0,1
4,5,3,5,3,3,4,5,5,4,5,3,4,4,4,3,5,5,4,4,4,5,4,4,1,2,2,0,4
3,4,3,3,2,2,3,2,4,3,4,3,4,3,3,3,3,4,5,5,4,4,3,3,1,1,2,0,1
3,3,3,3,3,3,3,3,4,3,3,4,3,4,4,4,4,5,4,4,4,4,5,4,2,2,2,0,3
4,3,3,3,2,2,3,3,3,2,3,4,4,4,3,3,3,3,3,3,3,3,4,3,1,1,1,0,4
3,3,3,3,3,2,3,3,2,3,3,2,2,3,3,3,3,3,3,3,3,3,3,3,1,1,2,0,3
3,4,4,3,2,2,3,3,5,3,3,3,3,3,4,4,3,3,3,3,4,3,4,3,4,3,3,0,4
4,4,4,4,3,3,4,4,3,3,3,3,2,2,3,4,3,3,4,4,2,5,5,4,3,3,3,0,2
4,4,4,4,4,3,4,4,4,3,4,4,3,4,4,3,3,4,4,4,4,4,5,4,2,2,3,0,1
4,3,3,4,2,2,2,3,3,2,3,2,3,3,3,3,2,2,3,3,4,2,3,2,3,3,3,0,4
3,4,3,4,3,3,4,3,3,4,4,4,5,4,4,4,4,3,4,4,4,4,4,3,2,2,2,0,3
3,3,3,3,3,3,4,5,3,3,3,3,5,4,3,3,4,4,4,4,4,4,4,4,4,3,3,0,3
5,4,5,5,3,3,4,4,4,4,4,5,4,5,4,5,5,5,4,4,4,4,4,5,3,3,3,0,4
4,5,3,5,3,3,4,5,5,4,5,3,4,4,4,3,5,5,3,2,4,5,4,4,3,3,3,0,1
4,4,4,4,3,3,4,3,3,4,3,3,4,4,4,4,4,4,3,3,3,4,4,3,1,1,1,0,2
3,3,3,3,2,2,3,3,3,3,3,4,4,5,4,3,5,3,3,3,3,3,4,3,2,2,2,0,3
4,4,5,4,3,2,2,3,3,3,3,4,4,3,4,4,4,3,4,4,5,4,4,4,1,1,2,0,3
3,3,3,3,1,2,2,3,2,2,3,3,3,3,3,4,5,4,3,4,4,3,3,3,2,2,3,0,3
4,4,4,4,2,2,2,3,3,4,4,2,2,2,2,3,3,4,2,3,3,3,3,3,3,3,2,0,4
4,4,3,3,3,3,3,3,2,3,3,3,3,3,3,4,3,3,3,3,3,4,4,3,1,1,2,0,3
4,4,4,4,3,3,3,3,3,1,3,3,3,3,3,4,3,3,3,3,3,3,3,3,2,2,3,0,3
4,3,4,4,2,3,3,4,5,3,4,3,3,2,3,3,4,3,3,4,4,3,3,3,5,3,4,0,3
2,3,2,2,1,2,2,2,4,3,3,3,3,3,3,4,3,3,4,4,4,4,3,3,1,2,2,0,2
4,3,3,3,2,3,3,3,4,3,3,5,4,4,4,3,3,3,3,2,3,4,4,4,3,3,3,0,3
3,2,2,4,3,3,3,3,3,3,3,4,4,5,4,4,3,4,4,4,4,4,4,4,2,3,3,0,3
3,4,2,3,3,4,4,4,3,3,3,3,3,4,3,4,3,4,3,4,3,3,4,4,1,2,2,0,1
4,5,3,5,3,3,4,5,5,4,5,3,4,4,4,4,3,3,4,3,3,5,4,4,2,3,3,0,2
4,4,5,5,3,2,3,3,3,3,4,2,4,3,4,3,3,3,3,3,3,4,4,4,3,3,3,0,2
4,4,3,4,2,3,3,3,4,3,3,5,4,4,4,5,4,4,3,3,3,4,4,4,2,2,3,0,3
3,4,2,3,3,4,4,4,3,3,3,3,3,4,3,4,3,4,3,2,3,3,4,4,2,2,2,0,3
3,4,4,4,2,2,3,3,3,2,3,3,3,3,3,3,4,2,4,4,4,3,3,3,1,1,1,0,2
3,3,3,3,3,3,4,4,4,4,5,4,4,4,4,4,4,5,4,4,2,5,5,4,2,2,3,0,2
3,3,3,3,3,3,3,3,4,3,3,4,3,4,4,4,4,5,4,4,4,4,5,4,2,3,3,0,3
3,3,4,4,3,2,3,3,3,3,3,3,4,3,4,3,4,3,4,4,4,3,3,4,1,2,2,0,2
3,3,4,3,3,3,4,4,4,3,3,4,4,4,4,4,3,3,4,4,5,4,4,4,2,3,3,0,4
4,5,5,5,3,4,4,4,5,4,4,4,5,4,4,5,4,5,3,3,3,5,4,5,2,2,3,0,1
4,4,3,3,3,3,4,4,3,3,3,3,3,3,3,3,3,4,4,4,4,3,4,4,2,1,2,0,3
4,3,3,4,2,2,2,3,3,2,3,2,3,3,3,3,2,2,3,3,4,2,3,2,2,3,2,0,3
3,4,3,4,3,3,4,3,3,4,4,4,5,4,4,4,4,3,4,4,4,4,4,3,2,4,3,0,3
3,3,3,3,3,3,4,5,3,3,3,3,5,4,3,3,4,4,4,4,4,4,4,4,3,3,3,0,1
5,4,5,5,3,3,4,4,4,4,4,5,4,5,4,5,5,5,4,4,4,4,4,5,3,3,2,0,4
3,4,4,4,2,2,3,3,3,2,3,3,3,3,3,3,4,2,4,4,4,3,3,3,3,3,3,0,1
3,3,3,3,3,3,4,4,4,4,5,4,4,4,4,4,4,5,4,4,2,5,5,4,2,2,2,0,2
3,3,4,4,3,2,3,3,3,3,3,3,4,3,4,3,4,3,4,4,4,3,3,4,3,3,3,0,2
3,3,3,3,2,3,3,3,3,4,4,4,4,3,3,4,4,4,4,4,3,4,3,4,1,2,3,0,1
4,3,3,3,2,2,3,3,3,2,3,4,4,4,3,3,3,3,3,3,3,3,4,3,1,2,3,0,3
3,3,3,3,3,3,3,4,3,3,3,3,3,2,2,3,2,3,3,3,3,2,3,2,2,2,2,0,4
3,3,4,3,3,3,3,4,4,3,3,4,4,4,4,4,5,4,4,4,4,3,4,4,1,1,3,0,4
3,4,4,3,2,2,3,3,5,3,3,3,3,3,4,4,3,3,3,3,4,3,4,3,1,1,1,0,1
4,4,4,4,2,3,3,3,4,4,3,5,4,4,4,4,3,4,3,3,3,3,5,4,1,2,2,0,3
3,4,4,3,2,2,3,4,3,3,3,3,3,3,3,3,3,3,3,3,3,4,4,4,3,2,2,0,3
2,4,4,3,2,3,2,3,4,3,4,4,4,4,4,4,4,4,4,4,4,3,3,3,2,2,3,0,2
4,4,4,4,4,3,4,4,4,3,4,4,3,4,4,3,3,4,4,4,4,4,5,4,3,3,3,0,1
4,3,4,4,3,3,3,4,3,3,3,4,3,4,4,4,4,3,4,4,4,3,4,3,1,1,1,0,4
3,4,3,4,3,3,4,3,3,4,4,4,5,4,4,4,4,3,4,4,4,4,4,3,3,2,3,0,3
3,3,3,3,4,4,4,4,3,3,4,4,4,4,4,4,4,4,4,4,4,3,4,4,2,2,3,0,1
4,4,3,3,3,3,4,3,4,2,4,4,4,4,4,4,4,4,3,3,3,4,3,4,4,4,4,0,2
3,3,3,4,4,4,4,5,4,4,4,4,3,4,3,4,3,4,4,5,4,4,4,4,3,3,3,0,4
4,3,3,3,3,3,3,4,4,2,3,3,2,3,3,3,4,3,3,3,2,2,3,3,1,3,3,0,3
4,3,4,4,4,3,4,4,5,4,4,3,4,4,3,4,4,4,4,3,4,4,4,4,2,2,3,0,2
2,2,2,2,3,3,4,4,3,3,3,3,2,3,2,3,3,3,3,3,3,2,3,2,1,2,2,0,1
3,4,3,4,4,4,5,5,3,2,2,3,3,3,2,3,3,3,3,3,3,4,3,4,1,1,2,0,4
4,3,3,3,3,2,4,4,5,4,4,3,3,3,3,4,3,3,3,4,4,4,4,4,2,2,2,0,1
3,3,3,3,2,2,3,2,3,3,3,4,3,2,3,2,4,3,2,3,3,3,3,3,1,1,1,0,3
4,3,4,2,4,4,4,4,3,2,3,4,4,4,3,3,4,3,3,3,3,5,5,4,1,1,2,0,3
3,3,4,4,2,2,3,3,3,3,4,3,3,4,3,3,4,3,3,2,3,3,2,2,4,3,3,0,3
2,3,3,3,2,3,3,3,4,3,3,3,3,3,2,4,4,3,3,4,4,4,3,4,3,3,3,0,4
3,3,4,3,4,3,4,4,4,4,4,4,4,3,4,5,5,4,3,4,4,5,3,4,2,2,3,0,3
4,4,4,4,3,3,4,4,5,4,5,4,4,4,4,3,3,4,3,4,3,4,3,3,3,3,3,0,2
3,2,2,3,2,3,3,2,2,2,3,3,4,3,3,3,2,3,4,5,4,3,2,3,2,2,2,0,3
3,3,3,4,2,3,4,4,3,3,4,3,2,2,2,3,3,4,3,4,4,3,4,3,4,3,3,0,4
4,4,3,3,3,3,4,3,3,2,3,3,3,3,3,3,3,3,4,4,4,3,3,4,3,3,3,0,1
3,2,3,3,3,3,3,4,3,3,3,3,4,2,4,3,3,3,3,3,4,3,2,3,3,3,3,0,2
3,3,3,3,2,3,3,3,4,2,3,4,4,3,4,2,3,2,4,3,4,4,4,4,1,1,1,0,1
3,3,3,3,3,2,3,3,4,4,4,4,4,4,4,5,4,5,2,4,4,4,3,4,2,2,2,0,2
3,4,4,4,3,3,4,4,4,3,4,3,4,3,3,4,4,3,3,3,4,3,3,3,1,1,2,0,1
3,2,3,3,3,3,4,4,3,2,3,3,3,3,3,5,3,3,4,3,4,3,3,3,2,2,3,0,4
3,3,3,3,3,4,4,4,4,3,3,3,3,3,3,3,3,3,4,4,4,4,4,4,3,3,2,0,4
4,4,4,4,2,2,2,2,3,3,3,3,2,3,3,1,3,3,2,3,2,2,2,3,1,1,2,0,4
2,2,2,2,2,2,2,3,4,2,3,2,2,3,2,3,2,2,4,5,4,2,2,2,2,2,3,0,3
4,4,4,3,3,3,4,4,5,3,4,4,5,5,4,4,4,3,4,4,3,4,4,3,5,3,4,0,1
4,4,5,4,3,3,3,4,4,4,4,4,3,3,4,4,3,4,4,4,5,4,5,5,1,2,2,0,1
3,3,3,3,3,3,3,3,3,2,3,3,4,4,4,3,2,2,3,3,3,3,3,4,3,3,3,0,3
3,3,3,4,1,1,3,2,4,3,4,2,3,3,3,3,3,3,1,2,1,3,2,3,2,3,3,0,4
3,3,3,3,4,3,4,4,1,2,2,3,4,4,4,3,3,3,3,4,4,3,3,3,1,2,2,0,1
3,2,2,2,3,3,3,3,4,3,3,4,3,3,3,3,3,3,4,4,3,4,3,4,2,3,3,0,4
2,2,2,1,2,2,3,3,4,2,3,2,3,3,3,3,3,4,3,3,3,4,3,3,3,3,3,0,2
2,3,3,2,3,2,3,3,4,3,3,4,3,4,4,3,4,3,3,2,3,2,3,3,2,2,3,0,2
4,3,4,3,3,3,3,3,2,2,2,3,4,4,4,3,3,3,3,3,3,3,3,3,2,2,2,0,3
3,2,2,3,2,3,3,3,3,3,3,3,3,2,3,3,3,3,3,2,3,3,4,3,1,1,1,0,3
4,4,3,4,3,3,3,4,5,3,4,4,4,4,3,3,4,4,2,2,2,3,4,4,2,2,3,0,1
3,2,3,3,2,1,3,2,3,3,4,3,3,2,2,1,2,2,3,4,3,1,2,2,2,3,3,0,3
3,4,4,3,3,3,3,3,5,4,4,3,4,4,4,4,4,4,3,3,3,4,4,4,1,2,2,0,1
3,3,3,3,3,3,3,3,3,3,3,3,3,3,3,3,4,4,4,3,3,3,3,3,2,3,3,0,3
4,4,4,4,2,4,4,4,4,3,4,4,4,4,4,5,5,5,4,3,4,4,4,5,2,2,3,0,3
3,3,4,4,2,3,3,3,3,3,3,3,3,3,3,3,3,3,4,4,3,2,2,1,2,1,2,0,1
3,5,4,4,3,2,3,4,3,2,3,4,4,4,4,3,4,3,4,4,4,4,5,3,2,3,2,0,3
2,2,3,2,3,3,4,3,4,3,3,4,4,3,4,4,3,3,4,4,4,4,3,4,2,4,3,0,1
3,2,4,3,4,4,3,4,4,3,5,2,3,3,3,3,4,4,4,3,4,4,4,4,3,3,3,0,1
4,3,3,3,2,2,3,4,3,2,3,2,4,3,4,2,3,2,3,4,3,3,3,2,3,3,2,0,4
4,4,4,4,2,3,3,3,4,3,3,3,4,3,3,3,3,3,2,2,2,3,3,3,3,3,3,0,2
3,3,3,3,2,1,2,2,4,3,3,1,2,2,2,3,3,2,3,2,3,3,2,3,2,2,2,0,3
3,3,3,3,3,3,3,4,2,2,2,2,3,3,3,2,3,3,3,2,3,3,3,2,3,3,3,0,2
3,3,3,2,3,3,4,3,4,3,4,4,3,3,4,4,3,3,4,4,4,3,3,3,1,2,3,0,3
4,4,3,4,3,3,4,4,2,2,3,4,4,4,4,4,4,4,3,4,4,4,3,4,1,2,3,0,3
5,4,5,5,4,4,4,4,3,4,4,3,3,3,3,4,3,4,2,2,2,3,2,3,2,2,2,0,3
3,4,4,3,3,3,4,4,3,2,4,4,3,4,3,3,4,4,4,3,4,4,3,4,1,1,3,0,3
2,3,3,3,3,3,3,3,4,3,3,4,3,3,3,3,3,3,3,3,3,3,3,3,1,1,1,0,1
3,4,3,4,3,2,3,3,3,2,3,4,3,3,2,4,3,3,3,4,3,3,3,4,1,2,2,0,1
4,4,3,4,3,4,3,4,3,3,3,4,4,4,4,3,4,4,3,4,3,3,3,2,3,2,2,0,1
3,4,3,4,4,3,4,4,4,3,4,3,3,3,3,3,3,4,3,2,4,3,2,3,2,2,3,0,1
3,3,4,4,2,2,4,3,4,3,3,2,3,3,3,3,3,3,2,2,2,4,4,3,3,3,3,0,3
4,4,3,3,2,3,3,3,3,3,4,4,3,3,3,4,4,3,2,3,3,3,4,3,1,1,1,0,3
3,3,3,3,2,3,3,4,3,3,3,3,4,3,4,3,3,3,2,4,3,4,4,4,3,2,3,0,4
4,5,4,5,3,3,3,3,2,2,2,3,3,3,3,3,3,4,3,2,3,4,3,4,2,2,3,0,4
3,3,3,3,3,4,4,4,3,3,3,3,3,3,3,3,3,3,3,3,3,4,4,3,4,4,4,0,3
3,3,3,3,2,2,3,2,4,4,5,5,4,5,4,4,4,4,4,4,4,4,3,3,3,3,3,0,4
3,3,2,3,3,3,3,4,3,2,3,4,4,3,4,4,3,3,5,4,4,4,3,4,1,3,3,0,4
3,4,4,4,3,2,3,3,3,2,4,3,3,3,3,4,4,3,4,4,5,3,3,2,2,2,3,0,3
2,2,3,3,2,2,3,3,2,2,3,3,3,3,3,3,3,2,3,2,2,3,3,2,1,2,2,0,4
3,4,4,3,2,3,3,3,4,4,3,3,3,3,4,3,3,3,3,4,3,3,4,4,1,1,2,0,2
4,4,4,4,3,3,3,2,3,2,3,3,3,2,3,3,3,4,4,3,3,3,2,4,2,2,2,0,4
3,3,3,3,2,3,3,3,4,4,4,4,4,5,4,4,4,3,3,4,3,4,2,4,1,1,1,0,4
3,3,3,2,2,2,3,3,2,2,3,4,5,4,4,3,3,3,3,3,2,2,3,3,1,1,2,0,3
4,4,4,4,3,3,4,4,4,2,3,5,3,3,4,4,4,4,3,3,4,3,4,3,4,3,3,0,3
4,5,5,5,4,4,4,4,3,4,4,4,4,3,3,5,5,4,2,4,5,4,4,4,3,3,3,0,3
4,4,3,3,2,3,4,4,3,2,3,4,4,4,4,5,4,4,3,3,3,2,3,3,2,2,3,0,3
4,4,4,4,3,3,3,3,4,4,4,3,3,2,3,3,3,3,3,3,3,4,4,3,3,3,3,0,1
3,4,3,3,2,2,3,3,3,3,3,4,4,5,4,4,3,3,3,3,4,3,4,3,2,2,2,0,4
4,4,3,4,3,3,4,5,3,3,3,5,4,4,4,3,4,3,4,4,3,4,3,3,4,3,3,0,1
3,3,4,4,1,2,2,3,2,2,3,3,3,3,3,3,3,4,3,3,2,3,3,3,3,3,3,0,2
3,4,4,3,2,2,3,3,3,3,3,3,3,3,3,2,3,2,3,3,2,2,2,2,3,3,3,0,4
3,4,3,4,2,3,3,3,4,3,3,4,2,3,4,3,4,3,3,4,3,3,3,3,1,1,1,0,1
4,5,4,5,3,4,4,4,3,3,3,4,3,3,4,4,4,4,3,4,4,4,3,4,2,2,2,0,2
4,4,4,3,3,3,3,3,4,3,4,3,4,3,3,3,3,3,3,4,3,3,3,3,1,1,2,0,4
4,4,4,4,3,3,4,3,3,3,4,5,5,4,4,3,3,3,3,3,3,4,4,4,2,2,3,0,4
4,4,4,4,3,3,4,3,3,4,3,3,4,4,4,4,4,4,3,3,3,4,4,3,3,3,2,0,2
3,3,3,3,2,2,3,3,3,3,3,4,4,5,4,3,5,3,3,3,3,3,4,3,1,1,2,0,1
3,2,3,3,3,3,4,4,3,3,3,3,3,3,3,3,3,3,3,4,3,4,4,4,2,2,3,0,3
3,3,4,3,2,2,3,4,4,3,4,4,3,3,3,3,4,4,3,4,3,2,3,3,5,3,4,0,2
3,3,3,3,1,2,2,3,2,2,3,3,3,3,3,4,5,4,3,4,4,3,3,3,1,2,2,0,2
4,4,4,3,2,3,3,3,4,3,3,4,2,3,4,4,3,3,4,4,4,3,3,3,3,3,3,0,4
3,4,5,4,3,3,3,3,4,3,4,4,4,5,4,3,3,3,4,4,4,3,3,4,2,3,3,0,3
3,3,3,4,3,4,4,4,3,3,3,4,3,3,4,3,3,3,4,4,4,4,3,4,1,2,2,0,4
2,3,2,2,1,2,2,2,4,3,3,3,3,3,3,4,3,3,4,4,4,4,3,3,2,3,3,0,4
3,4,2,3,3,4,4,4,3,3,3,3,3,4,3,4,3,4,3,4,3,3,4,4,3,3,3,0,4
4,5,3,5,3,3,4,5,5,4,5,3,4,4,4,4,3,3,4,3,3,5,4,4,2,2,3,0,3
3,4,2,4,3,3,3,3,3,3,3,4,4,5,4,4,3,4,4,4,4,4,4,4,2,2,2,0,3
3,4,4,4,2,2,3,3,3,2,3,3,3,3,3,3,4,2,4,4,4,3,3,3,1,1,1,0,2
3,3,3,3,3,3,4,4,4,4,5,4,4,4,4,4,4,5,4,4,2,5,5,4,2,2,3,0,2
3,3,4,4,3,4,4,3,4,3,4,4,3,4,4,4,5,5,3,3,2,4,4,4,2,3,3,0,4
2,2,2,3,2,3,3,2,3,2,2,3,3,3,4,2,2,2,3,3,2,3,2,2,1,2,2,0,3
3,3,4,4,3,2,3,3,3,3,3,3,4,3,4,3,4,3,4,4,4,3,3,4,2,3,3,0,4
3,3,3,3,2,3,3,3,3,4,4,4,4,3,3,4,4,4,4,4,3,4,3,4,2,2,3,0,1
3,3,3,3,3,3,3,4,3,3,3,3,3,2,2,3,2,3,3,3,3,2,3,2,2,1,2,0,4
2,2,3,3,2,3,2,3,2,2,2,3,2,2,2,2,2,2,4,4,3,2,2,2,2,3,2,0,2
2,3,3,3,3,3,3,3,3,3,3,4,3,3,4,3,3,3,3,3,2,3,3,3,2,4,3,0,3
4,3,4,3,3,3,3,3,3,3,3,4,4,4,4,3,3,4,3,3,5,4,3,3,3,3,3,0,4
4,5,5,5,3,4,4,4,5,4,4,4,5,4,4,5,4,5,3,3,3,5,4,5,3,3,2,0,4
3,3,3,3,3,3,4,5,4,3,4,3,3,4,2,4,4,4,4,4,4,3,3,3,3,3,3,0,1
3,3,4,4,2,3,3,4,3,3,4,3,4,4,3,4,3,4,3,3,4,3,4,5,2,2,2,0,3
4,4,3,3,3,3,4,4,3,3,3,3,3,3,3,3,3,4,4,4,4,3,4,4,3,3,3,0,4
4,4,3,4,2,3,3,3,4,3,3,5,4,4,4,5,4,4,3,5,4,4,4,4,1,2,3,0,3
3,4,2,4,3,3,3,3,3,3,3,4,4,5,4,4,3,4,3,4,4,4,4,4,1,2,3,0,4
3,4,2,3,3,4,4,4,3,3,3,3,3,4,3,2,3,4,3,3,2,3,4,4,2,2,2,0,1
4,4,4,4,3,3,4,3,3,3,4,5,5,4,4,3,3,3,3,3,3,4,4,4,1,1,3,0,1
3,3,3,2,3,3,4,3,4,3,4,4,4,3,4,4,3,4,3,3,4,5,4,4,1,1,1,0,1
3,4,4,3,2,2,2,2,3,2,2,3,2,3,2,3,3,3,3,4,3,2,2,1,1,2,2,0,4
3,3,3,3,3,4,3,4,3,2,3,2,3,2,3,4,4,4,3,3,3,4,4,3,3,2,2,0,3
4,4,4,3,2,3,3,3,4,3,3,4,2,3,4,4,3,3,4,4,4,3,3,3,2,2,3,0,1
3,4,4,3,3,3,3,4,3,3,3,4,3,3,4,3,3,3,3,3,3,4,3,4,3,3,3,0,4
4,5,5,5,3,3,3,3,3,3,3,4,3,3,4,4,3,3,3,3,4,3,4,4,1,1,1,0,4
3,3,3,4,3,4,4,4,3,3,3,4,3,3,4,3,3,3,4,4,4,4,3,4,3,2,3,0,4
4,3,4,5,3,4,4,5,3,3,3,4,3,4,4,3,3,3,3,3,3,4,5,4,2,2,3,0,2
4,3,2,3,3,3,4,4,2,3,2,2,3,4,3,4,3,4,4,4,5,3,4,3,4,4,4,0,1
3,4,3,3,3,3,3,3,4,3,4,3,4,3,3,3,3,3,3,4,3,3,3,3,3,3,3,0,2
3,3,3,2,3,3,4,3,3,3,4,5,5,4,4,3,3,3,3,4,4,4,4,4,1,3,3,0,3
3,4,3,4,3,3,4,3,4,3,4,4,4,3,4,4,3,4,4,3,3,5,4,4,2,2,3,0,2
4,5,3,5,3,3,4,5,5,4,5,3,4,4,4,3,5,5,4,4,4,5,4,4,1,2,2,0,2
3,3,4,4,3,4,4,3,4,3,4,4,3,4,4,4,5,5,3,3,2,4,4,4,1,1,2,0,3
2,2,2,3,2,3,3,2,3,2,2,3,3,3,4,2,2,2,3,3,2,3,2,2,2,2,2,0,1
2,3,3,2,1,2,2,3,3,2,3,3,4,3,3,3,3,3,3,3,3,2,1,2,1,1,1,0,3
3,4,4,3,2,2,3,3,3,3,3,4,4,3,5,2,3,2,2,2,3,2,3,3,1,1,2,0,3
3,4,3,3,2,2,3,2,4,3,4,3,4,3,3,3,3,4,5,5,4,4,3,3,4,3,3,0,2
3,3,3,3,2,3,3,3,3,4,4,4,4,3,3,4,4,4,4,4,3,4,3,4,3,3,3,0,1
3,3,3,3,3,2,3,3,2,3,3,2,2,3,3,3,3,3,3,3,3,3,3,3,2,2,3,0,2
3,3,3,3,3,3,3,4,3,3,3,3,3,2,2,3,2,3,3,3,3,2,3,2,3,3,3,0,1
4,4,4,4,2,3,3,3,4,4,3,5,4,4,4,4,3,4,3,3,3,3,5,4,2,2,2,0,4
2,2,3,3,2,3,2,3,2,2,2,3,2,2,2,2,2,2,4,4,3,2,2,2,4,3,3,0,3
3,4,4,3,2,2,3,4,3,3,3,3,3,3,3,3,3,3,3,3,3,4,4,4,3,3,3,0,1
4,3,4,3,3,3,3,3,3,3,3,4,4,4,4,3,3,4,3,3,5,4,3,3,3,3,3,0,1
4,4,4,4,4,3,4,4,4,3,4,4,3,4,4,3,3,4,4,4,4,4,5,4,1,1,1,0,4
4,3,4,4,3,3,3,4,3,3,3,4,3,4,4,4,4,3,4,4,4,3,4,3,2,2,2,0,4
3,4,4,3,2,1,3,2,3,3,4,2,3,3,3,2,4,3,2,3,3,4,3,4,1,1,2,0,4
3,4,3,4,3,3,4,3,4,3,4,4,4,3,4,4,3,4,4,3,3,5,4,4,2,2,3,0,3
4,5,3,5,3,3,4,5,5,4,5,3,4,4,4,3,5,5,4,4,4,5,4,4,1,2,2,0,2
3,3,4,4,3,4,4,3,4,3,4,4,3,4,4,4,5,5,3,3,2,4,4,4,1,1,2,0,4
2,2,2,3,2,3,3,2,3,2,2,3,3,3,4,2,2,2,3,3,2,3,2,2,2,2,2,0,3
2,3,3,2,1,2,2,3,3,2,3,3,4,3,3,3,3,3,3,3,3,2,1,2,1,1,1,0,4
3,4,4,3,2,2,3,3,3,3,3,4,4,3,5,2,3,2,2,2,3,2,3,3,1,1,2,0,2
3,4,3,3,2,2,3,2,4,3,4,3,4,3,3,3,3,4,5,5,4,4,3,3,4,3,3,0,1
3,3,3,3,2,3,3,3,3,4,4,4,4,3,3,4,4,4,4,4,3,4,3,4,3,3,3,0,4
3,3,3,3,3,2,3,3,2,3,3,2,2,3,3,3,3,3,3,3,3,3,3,3,2,2,3,0,4
